full_title;link;location;start_day;start_month;start_year;end_day;end_month;end_year;tags;site;cd_day;cd_month;cd_year
Comparative Germanic Syntax Workshop 34;https://linguistlist.org/callconf/browse-conf-action.cfm?ConfID=350716;Konstanz;14;5;2019;15;5;2019;General Linguistics, Syntax;http://ling.uni-konstanz.de/pages/CGSW34;15;0;2019
Conference on Mediterranean Linguistic Anthropology;https://linguistlist.org/callconf/browse-conf-action.cfm?ConfID=341537;To Be Advised;27;10;2019;30;10;2019;Anthropological Linguistics;https://comela.me/;15;2;2019
Applied Linguistics and Language Teaching International Conference and Exhibition 2019;https://linguistlist.org/callconf/browse-conf-action.cfm?ConfID=353356;Dubai;7;2;2019;9;2;2019;Applied Linguistics;None;None;None;None
ICODOC 2019: Emotion, Empathy, Affectivity. Subjects and their Subjectivity through Linguistic and Educative Practices;https://linguistlist.org/callconf/browse-conf-action.cfm?ConfID=355496;Lyon;7;9;2019;9;9;2019;Discipline of Linguistics;https://icodoc.sciencesconf.org/;13;0;2019
26th International Conference on Head-Driven Phrase Structure Grammar;https://linguistlist.org/callconf/browse-conf-action.cfm?ConfID=350036;Bucharest;25;6;2019;26;6;2019;Computational Linguistics, General Linguistics, Linguistic Theories;http://conferences.unibuc.ro/hpsg2019/index.html;15;1;2019
Manchester Forum in Linguistics;https://linguistlist.org/callconf/browse-conf-action.cfm?ConfID=352836;Manchester;2;4;2019;3;4;2019;General Linguistics;https://mfilconf.co.uk/;27;0;2019
Colloque Diachro IX Le franƒ˜_ais en diachronie;https://linguistlist.org/callconf/browse-conf-action.cfm?ConfID=335096;Salamanca;28;2;2019;30;2;2019;Historical Linguistics;https://diachroix.wordpress.com/;5;10;2018
"8th International Conference on Language, Literature &amp; Culture: ''Struggle for Recognition: identity-formation and subjectivation''";https://linguistlist.org/callconf/browse-conf-action.cfm?ConfID=349216;Brest;6;5;2019;7;5;2019;Ling &amp, Literature;http://www.elts.cankaya.edu.tr/;25;2;2019
Crossing the Border between Spanish and English: Current issues, future perspectives, linguistic and literary insights;https://linguistlist.org/callconf/browse-conf-action.cfm?ConfID=331716;Ghent;5;1;2019;6;1;2019;General Linguistics, Ling &amp, Literature, Sociolinguistics, Text/Corpus Linguistics;http://www.cros.ugent.be/en/cros-2019-conference/;30;8;2018
4th American International Morphology Meeting;https://linguistlist.org/callconf/browse-conf-action.cfm?ConfID=349336;Stony Brook, NY;3;4;2019;5;4;2019;Morphology;https://www.stonybrook.edu/commcms/aimm/;13;0;2019
Disfluency in Spontaneous Speech with a special day on (Dis)Fluency in Childrenâ«½‚ÇâÿÚs Speech;https://linguistlist.org/callconf/browse-conf-action.cfm?ConfID=343276;Budapest;12;8;2019;14;8;2019;Language Acquisition, Phonetics, Psycholinguistics;None;None;None;None
XIV. Kongress der Internationalen Vereinigung fƒ˜ƒ×r Germanistik;https://linguistlist.org/callconf/browse-conf-action.cfm?ConfID=316856;Palermo;26;6;2020;2;7;2020;None;None;None;None;None
E-Dictionaries and E-Lexicography;https://linguistlist.org/callconf/browse-conf-action.cfm?ConfID=333256;Zagreb;10;4;2019;11;4;2019;Lexicography, Text/Corpus Linguistics;None;None;None;None
Child Language Symposium;https://linguistlist.org/callconf/browse-conf-action.cfm?ConfID=355296;Sheffield;10;6;2019;12;6;2019;Applied Linguistics, Clinical Linguistics, General Linguistics, Language Acquisition;https://bit.ly/CLShef2019;31;0;2019
I Encuentro Latinoamericano de Interfaces Gramaticales;https://linguistlist.org/callconf/browse-conf-action.cfm?ConfID=356056;Mendoza;10;9;2019;12;9;2019;Neurolinguistics, Pragmatics, Psycholinguistics, Semantics, Syntax;None;1;6;2019
8th AFLiCo Conference;https://linguistlist.org/callconf/browse-conf-action.cfm?ConfID=345076;Mulhouse;5;5;2019;7;5;2019;Cognitive Science;http://aflico8.sciencesconf.org;1;11;2018
Formal Approaches to Slavic Linguistics 28;https://linguistlist.org/callconf/browse-conf-action.cfm?ConfID=349297;Stony Brook, NY;3;4;2019;5;4;2019;General Linguistics;https://www.stonybrook.edu/commcms/fasl/;13;0;2019
The Dark Side of Communication - The 2nd International and Interdisciplinary Conference on Discourse and Communication in Professional Contexts;https://linguistlist.org/callconf/browse-conf-action.cfm?ConfID=345636;Aalborg;14;7;2019;16;7;2019;Applied Linguistics, Discourse Analysis, Pragmatics;http://www.discourse-communication-2019.aau.dk;15;0;2019
29th Conference of the European Second Language Association;https://linguistlist.org/callconf/browse-conf-action.cfm?ConfID=356736;Lund;28;7;2019;31;7;2019;Applied Linguistics, Language Acquisition;http://www.eurosla2019.se;31;0;2019
CLIN 29: Computational Linguistics in The Netherlands;https://linguistlist.org/callconf/browse-conf-action.cfm?ConfID=345656;Groningen;31;0;2019;31;0;2019;Computational Linguistics;http://www.let.rug.nl/clin29/;15;10;2018
12th Congress of South-East European Studies: Political, Social and Religious Dynamics in South East Europe;https://linguistlist.org/callconf/browse-conf-action.cfm?ConfID=292376;Bucharest;2;8;2019;7;8;2019;General Linguistics, Historical Linguistics, Ling &amp, Literature, Sociolinguistics, Translation;http://www.aiesee.org;20;11;2017
Princeton Phonology Forum;https://linguistlist.org/callconf/browse-conf-action.cfm?ConfID=353916;Princeton, NJ;5;3;2019;6;3;2019;Phonetics, Phonology;None;None;None;None
Language â«½‚Çƒ_ Culture â«½‚Çƒ_ Literature: East African Perspective;https://linguistlist.org/callconf/browse-conf-action.cfm?ConfID=356016;Warsaw;23;4;2019;24;4;2019;Cognitive Science, General Linguistics, Ling &amp, Literature;http://www.afrykanistyka.uw.edu.pl/conferences/lcl2019-1;1;0;2019
Linguistic Issues in Vietnam and Southeast Asia;https://linguistlist.org/callconf/browse-conf-action.cfm?ConfID=328276;Ho Chi Minh City;21;11;2018;22;11;2018;Applied Linguistics, Historical Linguistics, Psycholinguistics, Sociolinguistics, Typology;http://nnh.hcmussh.edu.vn;30;8;2018
11th International Conference on Professional Communication and Translation Studies;https://linguistlist.org/callconf/browse-conf-action.cfm?ConfID=349556;Timisoara;4;3;2019;5;3;2019;Applied Linguistics, Language Acquisition, Linguistic Theories, Sociolinguistics, Translation;http://sc.upt.ro/ro/pcts11;25;1;2019
Lâ«½‚ÇâÿÚƒ˜‚©pilinguistique et le mƒ˜‚©talinguistique en linguistique ƒ˜‚©nonciative;https://linguistlist.org/callconf/browse-conf-action.cfm?ConfID=335436;Paris Est-Marne La Vallƒ˜‚©e;17;0;2019;18;0;2019;General Linguistics, Language Acquisition, Linguistic Theories, Text/Corpus Linguistics;None;10;8;2018
Researching Metaphor â«½‚Çƒ_ Cognitive and Other;https://linguistlist.org/callconf/browse-conf-action.cfm?ConfID=338896;Genoa;13;4;2019;15;4;2019;Cognitive Science, Linguistic Theories, Neurolinguistics, Psycholinguistics, Semantics;http://www.lcm.unige.it/CALL/?op=cfp;31;0;2019
43rd Annual Penn Linguistics Conference;https://linguistlist.org/callconf/browse-conf-action.cfm?ConfID=347996;Philadelphia, PA;22;2;2019;24;2;2019;General Linguistics;https://www.ling.upenn.edu/Events/PLC;27;10;2018
Linguistic Society of America 93rd Annual Meeting;https://linguistlist.org/callconf/browse-conf-action.cfm?ConfID=329876;New York, NY;3;0;2019;6;0;2019;General Linguistics;https://www.linguisticsociety.org/event/lsa-2019-annual-meeting;31;6;2018
Task-based Teaching and the Place of Grammar in Secondary-School Foreign-Language Classes : Finding a Common Ground;https://linguistlist.org/callconf/browse-conf-action.cfm?ConfID=325096;Paris Nanterre;8;1;2019;9;1;2019;Applied Linguistics, Language Acquisition;None;15;6;2018
2nd International Conference on Historical Medical Discourse;https://linguistlist.org/callconf/browse-conf-action.cfm?ConfID=343756;Helsinki;10;5;2019;12;5;2019;Discourse Analysis, Historical Linguistics, Pragmatics, Semantics, Text/Corpus Linguistics;https://blogs.helsinki.fi/chimed-2/;10;0;2019
Klaara Conference 2019;https://linguistlist.org/callconf/browse-conf-action.cfm?ConfID=344996;Helsinki;19;8;2019;20;8;2019;General Linguistics;None;15;2;2019
4th PAC Conference Phonology of Contemporary English: Phonetic and Phonological Variation in Contemporary English: Xperience-Xperimentation;https://linguistlist.org/callconf/browse-conf-action.cfm?ConfID=347096;Aix-en-Provence;4;5;2019;5;5;2019;Phonetics, Phonology;https://pacaix2019.sciencesconf.org/;7;0;2019
Methods in Dialectology XVII;https://linguistlist.org/callconf/browse-conf-action.cfm?ConfID=331776;JGU Mainz;3;7;2020;7;7;2020;Discipline of Linguistics, General Linguistics, Sociolinguistics;None;None;None;None
4th English for Healthcare Conference;https://linguistlist.org/callconf/browse-conf-action.cfm?ConfID=352136;Universitat Jaume I, Castello de la Plana, Spain;3;9;2019;4;9;2019;Applied Linguistics;http://www.ealthy.com;31;0;2019
16th International Pragmatics Conference;https://linguistlist.org/callconf/browse-conf-action.cfm?ConfID=322396;Hong Kong;9;5;2019;14;5;2019;Pragmatics;http://pragmatics.international/page/HongKong;15;9;2018
5th Learner Corpus Research Conference;https://linguistlist.org/callconf/browse-conf-action.cfm?ConfID=342636;Warsaw;12;8;2019;14;8;2019;Applied Linguistics, Computational Linguistics, Language Acquisition, Text/Corpus Linguistics;https://lcr2019.ils.uw.edu.pl/;20;0;2019
2019 MLA Convention Session: Pathways to Paradigm Change: Critical Examinations of Prevailing Discourses and Ideologies in Second Language Education;https://linguistlist.org/callconf/browse-conf-action.cfm?ConfID=320097;Chicago/Illinois;3;0;2019;6;0;2019;None;http://aausc.org/AAUSCblog/5725003;15;2;2018
Uniting Gender Research;https://linguistlist.org/callconf/browse-conf-action.cfm?ConfID=355676;Tromsƒ˜ƒÈ;4;3;2019;5;3;2019;Language Acquisition, Linguistic Theories, Morphology, Psycholinguistics, Syntax;http://site.uit.no/lava/unitegen/;20;0;2019
Australian Humour Studies Network conference;https://linguistlist.org/callconf/browse-conf-action.cfm?ConfID=326337;Melbourne, Victoria;6;1;2019;8;1;2019;Discourse Analysis;http://sydney.edu.au/humourstudies/events/index.shtml;31;6;2018
Pragmatic Particles in (Greek) Talk-in-interaction;https://linguistlist.org/callconf/browse-conf-action.cfm?ConfID=350076;Thessaloniki;24;5;2019;25;5;2019;Discourse Analysis, Pragmatics, Sociolinguistics, Text/Corpus Linguistics;"http://ins.web.auth.gr/index.php?option=com_content&amp;view=article&amp;id=1188:symposium-on-pragmatic-particles-in-greek-talk-in-interaction&amp;catid=82&amp;Itemid=263&amp;lang=en";15;0;2019
Tense, Aspect and Modality in L2, Huelva 2019;https://linguistlist.org/callconf/browse-conf-action.cfm?ConfID=355357;Huelva;21;10;2019;22;10;2019;Applied Linguistics, Language Acquisition, Linguistic Theories, Semantics, Text/Corpus Linguistics;http://eventos.uhu.es/27735/detail/tense-aspect-and-modality-in-l2-taml2.html;1;3;2019
Specialised Discourse and Multimedia: Linguistic features and translation issues;https://linguistlist.org/callconf/browse-conf-action.cfm?ConfID=324217;Lecce;14;1;2019;16;1;2019;Translation;https://specialiseddiscourse.wixsite.com/2019;10;8;2018
6th ICLHE Conference: Multilingualism and Multimodality in Higher Education;https://linguistlist.org/callconf/browse-conf-action.cfm?ConfID=354676;Castellƒ˜âÿ_n;15;9;2019;18;9;2019;Applied Linguistics;http://iclhe.uji.es/;30;0;2019
Language, Identity and Education in Multilingual Contexts;https://linguistlist.org/callconf/browse-conf-action.cfm?ConfID=337856;York;14;1;2019;16;1;2019;Applied Linguistics, Language Acquisition, Neurolinguistics, Psycholinguistics, Sociolinguistics;https://liemc19.wordpress.com;15;10;2018
Modern Mythologies;https://linguistlist.org/callconf/browse-conf-action.cfm?ConfID=331976;London;19;8;2019;21;8;2019;Ling &amp, Literature;http://www.lboro.ac.uk/departments/aed/staff-research/research-groups/artsinthepublicsphere/;30;4;2019
Linguistic Standards in Romance FL Teaching;https://linguistlist.org/callconf/browse-conf-action.cfm?ConfID=355776;Kassel;29;8;2019;2;9;2019;Applied Linguistics, Phonology, Pragmatics, Text/Corpus Linguistics;https://www.uni-kassel.de/fb02/institute/romanistik/fachgebiete/romanische-sprachwissenschaft/romanistentag-2019/sektionen/sektion-20.html;31;11;2018
22nd Annual Workshop on American Indigenous Languages;https://linguistlist.org/callconf/browse-conf-action.cfm?ConfID=351436;Santa Barbara, California;10;4;2019;11;4;2019;Language Documentation;None;23;1;2019
XVII Encuentros;https://linguistlist.org/callconf/browse-conf-action.cfm?ConfID=346756;PARIS;19;5;2019;21;5;2019;Applied Linguistics, Discourse Analysis, Text/Corpus Linguistics;https://www.geres-sup.com/rencontres-internationales/xvii%C3%A8me-rencontre-internationale-paris-2019/;26;1;2019
Whither Reanalysis;https://linguistlist.org/callconf/browse-conf-action.cfm?ConfID=336896;Berlin;1;2;2019;2;2;2019;Historical Linguistics, Linguistic Theories;https://www.romanistik.hu-berlin.de/personal/waltereit/whither-reanalysis;31;7;2018
VI Congresso Internazionale della Societƒ˜ƒ_ di Didattica delle Lingue e Linguistica Educativa;https://linguistlist.org/callconf/browse-conf-action.cfm?ConfID=351396;Valletta;23;4;2019;24;4;2019;Applied Linguistics;https://www.um.edu.mt/events/dille2019;26;10;2018
Hradec Krƒ˜ƒ§lovƒ˜‚© Anglophone Conference 2019;https://linguistlist.org/callconf/browse-conf-action.cfm?ConfID=348276;Hradec Krƒ˜ƒ§lovƒ˜‚©;28;2;2019;29;2;2019;Applied Linguistics, Ling &amp, Literature;https://hk-anglophone-conference.webnode.cz/;20;0;2019
1st East Asian Pragmatics Symposium: Variational Pragmatics in East Asian Languages;https://linguistlist.org/callconf/browse-conf-action.cfm?ConfID=352676;Dalian;19;8;2019;21;8;2019;Pragmatics;None;1;4;2019
31st European Summer School in Logic, Language and Information;https://linguistlist.org/callconf/browse-conf-action.cfm?ConfID=324776;Riga;5;7;2019;16;7;2019;Computational Linguistics, General Linguistics, Pragmatics, Semantics;http://esslli2019.folli.info/;15;5;2018
41st Annual Meeting of the Deutsche Gesellschaft fƒ˜ƒ×r Sprachwissenschaft;https://linguistlist.org/callconf/browse-conf-action.cfm?ConfID=331396;Bremen;6;2;2019;8;2;2019;General Linguistics;http://www.dgfs2019.uni-bremen.de/;15;7;2018
The Society for the Study of Indigenous Languages of the Americas Winter Meeting 2019;https://linguistlist.org/callconf/browse-conf-action.cfm?ConfID=322916;New York City, NY;3;0;2019;6;0;2019;Anthropological Linguistics, General Linguistics, Genetic Classification, Language Documentation, Typology;http://ssila.org/meetings/winter-2019/;31;6;2018
10th International Corpus Linguistics Conference;https://linguistlist.org/callconf/browse-conf-action.cfm?ConfID=344516;Cardiff;23;6;2019;27;6;2019;Text/Corpus Linguistics;http://www.cl2019.org;14;0;2019
International Conference on Role and Reference Grammar 2019;https://linguistlist.org/callconf/browse-conf-action.cfm?ConfID=348337;Buffalo, NY;19;7;2019;21;7;2019;Linguistic Theories, Morphology, Pragmatics, Semantics, Syntax;None;None;None;None
Bilingualism in the Hispanic and Lusophone World;https://linguistlist.org/callconf/browse-conf-action.cfm?ConfID=334816;Leiden;9;0;2019;11;0;2019;Applied Linguistics, General Linguistics, Language Acquisition, Psycholinguistics, Sociolinguistics;https://bhl2019.wordpress.com/call-for-papers/;10;8;2018
PAC AIX 2019 Phonetic and Phonological Variation in Contemporary English: Xperience-Xperimentation;https://linguistlist.org/callconf/browse-conf-action.cfm?ConfID=349136;Aix en Provence;4;5;2019;5;5;2019;Phonetics, Phonology;https://pacaix2019.sciencesconf.org/;7;0;2019
VI liLETRAd Congress;https://linguistlist.org/callconf/browse-conf-action.cfm?ConfID=347456;Almeria;3;6;2019;5;6;2019;Language Acquisition;https://congresoliletrad.wordpress.com;15;1;2019
4th International Conference: The Magic of Innovation: Integrative Trends in Linguistics and Foreign Language Teaching;https://linguistlist.org/callconf/browse-conf-action.cfm?ConfID=340616;Moscow;22;2;2019;23;2;2019;Applied Linguistics, Discourse Analysis, General Linguistics, Text/Corpus Linguistics, Translation;None;None;None;None
2nd International Cyprus Undergraduate Linguistics Conference;https://linguistlist.org/callconf/browse-conf-action.cfm?ConfID=345436;Nicosia;16;1;2019;17;1;2019;Applied Linguistics, General Linguistics, Linguistic Theories;https://culc.ucy.ac.cy/;7;11;2018
7th Novi Sad Workshop in Psycholinguistic, Neurolinguistic and Clinical Linguistic Research;https://linguistlist.org/callconf/browse-conf-action.cfm?ConfID=354217;Novi Sad;20;3;2019;20;3;2019;Clinical Linguistics, Cognitive Science, Discipline of Linguistics, Neurolinguistics, Psycholinguistics;http://ff.uns.ac.rs/fakultet/fakultet_konferencije.html;30;11;2018
International Symposium of Morphology / Symposium international de morphologie;https://linguistlist.org/callconf/browse-conf-action.cfm?ConfID=350096;Paris;26;8;2019;27;8;2019;Morphology;http://drehu.linguist.univ-paris-diderot.fr/ismo-2019/;31;2;2019
Austronesian Formal Linguistics Association 26;https://linguistlist.org/callconf/browse-conf-action.cfm?ConfID=345896;London, Ontario;24;4;2019;26;4;2019;General Linguistics;https://www.uwo.ca/linguistics/afla26/index.html;14;11;2018
6th International Conference â«½‚Çƒ§Cross-Curricularity in Language Educationâ«½‚ÇâÿÚ;https://linguistlist.org/callconf/browse-conf-action.cfm?ConfID=348936;Krotoszyn;12;8;2019;14;8;2019;Applied Linguistics;http://zsp1krotoszyn.pl/wp-content/uploads/2018/10/English-version-2.pdf;15;7;2019
Linking Interdisciplinary Perspectives on Cultural, Professional and Scientific Capacity Building;https://linguistlist.org/callconf/browse-conf-action.cfm?ConfID=346556;RâÑ¼ƒØga;11;3;2019;12;3;2019;Applied Linguistics, Lexicography, Semantics, Sociolinguistics, Translation;http://lu.lv/lincs;15;0;2019
VIII Annual Undergraduate Conference on Latin American and Iberian Studies;https://linguistlist.org/callconf/browse-conf-action.cfm?ConfID=351996;Cleveland, Tennessee;23;2;2019;23;2;2019;Ling &amp, Literature;http://webpages.leeu.edu/uclasp/;22;1;2019
Clear vs Approximate Categorization: Searching for Signs of Differentiation;https://linguistlist.org/callconf/browse-conf-action.cfm?ConfID=354016;Strasbourg;3;9;2019;4;9;2019;General Linguistics, Psycholinguistics, Semantics, Text/Corpus Linguistics;http://clap19.sciencesconf.org/resource/page/id/5;31;2;2019
Protolang 6;https://linguistlist.org/callconf/browse-conf-action.cfm?ConfID=350478;Lisbon;9;8;2019;12;8;2019;Linguistic Theories;https://sites.google.com/view/protolang-6/;1;1;2019
Congrƒ˜ƒÜs international de linguistique et de philologie romanes;https://linguistlist.org/callconf/browse-conf-action.cfm?ConfID=341056;Copenhague;1;6;2019;6;6;2019;General Linguistics, History of Linguistics, Language Acquisition, Linguistic Theories, Typology;http://www.slir.org/cilpr-2019-copenhague/;15;8;2018
Multilingualism, Diversity and Democracy Conference 2019;https://linguistlist.org/callconf/browse-conf-action.cfm?ConfID=356836;Jƒ˜_nkƒ˜_ping;8;3;2019;10;3;2019;Anthropological Linguistics, Applied Linguistics, Sociolinguistics;https://ju.se/4.7078f8ef165f93b83dff25.html;15;0;2019
First(!) Annual Meeting of the North American Research Network in Historical Sociolinguistics;https://linguistlist.org/callconf/browse-conf-action.cfm?ConfID=332436;New York City;5;0;2019;5;0;2019;Historical Linguistics, Sociolinguistics;http://narnihs.org/;3;8;2018
Annual Conference of the Institute for Bulgarian Language;https://linguistlist.org/callconf/browse-conf-action.cfm?ConfID=356696;Sofia;15;4;2019;15;4;2019;Computational Linguistics, General Linguistics, Historical Linguistics, Lexicography, Sociolinguistics;http://ibl.bas.bg/en/confibl2019/;15;1;2019
"Terminology &amp; Ontology: Theories and Applications";https://linguistlist.org/callconf/browse-conf-action.cfm?ConfID=356516;Chambƒ˜‚©ry;6;5;2019;7;5;2019;Computational Linguistics, Lexicography, Semantics, Text/Corpus Linguistics, Translation;http://toth.condillac.org/conference;25;0;2019
Workshop in Cognitive Approaches in Language Learning and Bilingualism;https://linguistlist.org/callconf/browse-conf-action.cfm?ConfID=317076;University of Gothenburg;7;1;2019;8;1;2019;Language Acquisition;http://sprak.gu.se/forskning/konferenser/cognitive-approaches-in-language-learning-and-bilingualism;None;None;None
Second Colloquium on Language Contact in Education: Multilingual Competences and Practices;https://linguistlist.org/callconf/browse-conf-action.cfm?ConfID=347476;Rabat;13;2;2019;14;2;2019;Applied Linguistics;None;30;0;2019
47th Annual Meeting of the North Atlantic Conference on Afroasiatic Linguistics;https://linguistlist.org/callconf/browse-conf-action.cfm?ConfID=349038;Paris;24;5;2019;26;5;2019;General Linguistics, History of Linguistics, Language Documentation, Sociolinguistics, Typology;https://www.vjf.cnrs.fr/lacito/colloque/nacal47/index_en.htm;15;1;2019
"""The Politics of Classifying Linguistic Varieties""";https://linguistlist.org/callconf/browse-conf-action.cfm?ConfID=343236;Wellington;13;6;2019;14;6;2019;History of Linguistics, Sociolinguistics;https://www.victoria.ac.nz/hppi/centres/antipodean/our-activities#19-Linguistic-Classification;15;5;2019
Jornadas de Formaciƒ˜âÿ_n de Profesores de Espaƒ˜‚±ol en Hong Kong;https://linguistlist.org/callconf/browse-conf-action.cfm?ConfID=354836;Hong Kong;8;2;2019;9;2;2019;Applied Linguistics, Cognitive Science, Discourse Analysis, General Linguistics, Language Acquisition;None;14;11;2018
Purdue Linguistics, Literature, and Second Language Studies Conference;https://linguistlist.org/callconf/browse-conf-action.cfm?ConfID=349936;West Lafayette, IN;1;2;2019;3;2;2019;Applied Linguistics, Discourse Analysis, General Linguistics, Language Acquisition, Ling &amp, Literature;http://purduelangconf.wixsite.com/plls;1;11;2018
Phonetics and Phonology in Europe - 2019;https://linguistlist.org/callconf/browse-conf-action.cfm?ConfID=336376;Lecce, Apulia;17;5;2019;19;5;2019;Phonetics, Phonology;http://pape2019.unisalento.it;19;10;2018
Ethnographies of Academic Writing: Research and Pedagogy;https://linguistlist.org/callconf/browse-conf-action.cfm?ConfID=356296;Zaragoza;16;4;2019;17;4;2019;Applied Linguistics;https://genresandlanguages.org/en/conference;20;0;2019
XXXIX International VAKKI Symposium;https://linguistlist.org/callconf/browse-conf-action.cfm?ConfID=332516;Vaasa;7;1;2019;8;1;2019;Applied Linguistics, Discourse Analysis, Pragmatics, Sociolinguistics, Translation;https://www.univaasa.fi/en/sites/vakki/symposia/symposium2019/;3;11;2018
Was ist Grammatikalitƒ˜_t? / What is grammaticality?;https://linguistlist.org/callconf/browse-conf-action.cfm?ConfID=350796;Bamberg;27;5;2019;29;5;2019;Discourse Analysis, Language Acquisition, Linguistic Theories, Psycholinguistics, Sociolinguistics;https://www.uni-bamberg.de/bagl/wig/;31;11;2018
JALT Hokkaido Winter Language Teaching Conference;https://linguistlist.org/callconf/browse-conf-action.cfm?ConfID=340376;Sapporo, Hokkaido;26;0;2019;27;0;2019;Applied Linguistics, Language Acquisition;https://www.facebook.com/events/2170228596553818/;4;10;2018
International Symposium on Monolingual and Bilingual Speech 2019;https://linguistlist.org/callconf/browse-conf-action.cfm?ConfID=341116;Chania, Crete;27;7;2019;30;7;2019;Applied Linguistics, Clinical Linguistics, General Linguistics, Neurolinguistics, Psycholinguistics;http://www.ismbs.eu/ismbs-2019/;5;1;2019
6th Prescriptivism Conference;https://linguistlist.org/callconf/browse-conf-action.cfm?ConfID=334176;Vigo;24;8;2020;26;8;2020;Historical Linguistics, Ling &amp, Literature, Sociolinguistics;None;None;None;None
Semantics and Philosophy in Europe 10;https://linguistlist.org/callconf/browse-conf-action.cfm?ConfID=335296;Barcelona, Catalonia;17;11;2018;19;11;2018;General Linguistics, Philosophy of Language, Pragmatics, Psycholinguistics, Semantics;https://spe10.com/;15;8;2018
International Congress of Phonetic Sciences;https://linguistlist.org/callconf/browse-conf-action.cfm?ConfID=314496;Melbourne;4;7;2019;10;7;2019;General Linguistics, Historical Linguistics, Phonetics, Phonology, Typology;http://www.icphs2019.org/;4;11;2018
Approaches to Multimodal Digital Environments: from theories to practices;https://linguistlist.org/callconf/browse-conf-action.cfm?ConfID=334976;Rome;20;5;2019;22;5;2019;Applied Linguistics, Cognitive Science, Computational Linguistics, Discourse Analysis, Translation;http://a-mode.eumade4ll.eu;30;10;2018
Metadiscourse across Languages and Contexts;https://linguistlist.org/callconf/browse-conf-action.cfm?ConfID=352256;Chang Chun, Jilin;18;9;2019;20;9;2019;Applied Linguistics, Discourse Analysis;http://metadiscourse.jlu.edu.cn;18;4;2019
EMI Practices in Europe;https://linguistlist.org/callconf/browse-conf-action.cfm?ConfID=329056;Copenhagen;4;3;2019;5;3;2019;Applied Linguistics, Sociolinguistics;http://cip.ku.dk/english/projects/taec/activities-and-events/emi-conference/;30;9;2018
Recent Advances in Natural Language Processing;https://linguistlist.org/callconf/browse-conf-action.cfm?ConfID=356356;Varna;2;8;2019;4;8;2019;Computational Linguistics;http://lml.bas.bg/ranlp2019/firstCfP.php;15;4;2019
SDAS 2019: A Hundred Years, A Thousand Meanings;https://linguistlist.org/callconf/browse-conf-action.cfm?ConfID=355596;Ljubljana;19;8;2019;21;8;2019;Applied Linguistics, Ling &amp, Literature, Sociolinguistics, Translation;http://sdas.ff.uni-lj.si/;25;1;2019
Literature Today and Tomorrow;https://linguistlist.org/callconf/browse-conf-action.cfm?ConfID=345856;Tunis;19;3;2019;20;3;2019;Ling &amp, Literature;None;15;11;2018
Acquisition of Chinese: Bilingualism and Multilingualism;https://linguistlist.org/callconf/browse-conf-action.cfm?ConfID=347376;Cambridge;1;6;2019;3;6;2019;Applied Linguistics, Language Acquisition;http://www.acbm2019.co.uk;25;11;2018
Corpus Approaches to Lexicogrammar;https://linguistlist.org/callconf/browse-conf-action.cfm?ConfID=348956;Ormskirk;22;5;2019;22;5;2019;Applied Linguistics, Computational Linguistics, Lexicography, Syntax, Text/Corpus Linguistics;http://ehu.ac.uk/lxgr;17;1;2019
55th Meeting of the Chicago Linguistic Society;https://linguistlist.org/callconf/browse-conf-action.cfm?ConfID=330156;Chicago, IL;16;4;2019;18;4;2019;General Linguistics;None;16;0;2019
International Language Teacher Education Conference;https://linguistlist.org/callconf/browse-conf-action.cfm?ConfID=352216;Antalya;8;3;2019;10;3;2019;Applied Linguistics;None;None;None;None
Historical-Comparative Linguistics for Language Revitalization;https://linguistlist.org/callconf/browse-conf-action.cfm?ConfID=356796;Davis, CA;29;5;2019;30;5;2019;Applied Linguistics, Historical Linguistics, Language Documentation;None;31;0;2019
8th International Conference on Austroasiatic Linguistics;https://linguistlist.org/callconf/browse-conf-action.cfm?ConfID=354516;Chiang Mai;29;7;2019;31;7;2019;General Linguistics, Historical Linguistics, Language Documentation, Lexicography;https://sites.google.com/site/icaalprojects/icaal-meetings/icaal-8-2019;18;1;2019
40th Annual Southwest Popular/American Culture Association;https://linguistlist.org/callconf/browse-conf-action.cfm?ConfID=342856;Albuquerque, NM;20;1;2019;23;1;2019;General Linguistics;http://www.southwestpca.org;1;10;2018
4th International Conference â«½‚Çƒ§From Theory to Practice in Language for Specific Purposesâ«½‚ÇâÿÚ;https://linguistlist.org/callconf/browse-conf-action.cfm?ConfID=335616;Zagreb;21;1;2019;23;1;2019;Applied Linguistics;https://pubweb.carnet.hr/lspconferencezagreb/;1;11;2018
CHINED VII: 7th edition of the Conference on Historical News Discourse;https://linguistlist.org/callconf/browse-conf-action.cfm?ConfID=341377;Barcelona;23;4;2019;24;4;2019;Discourse Analysis, Historical Linguistics, Sociolinguistics;None;10;11;2018
Linguistics in the Gulf 6;https://linguistlist.org/callconf/browse-conf-action.cfm?ConfID=343596;Doha;1;3;2019;2;3;2019;Computational Linguistics, Discourse Analysis, General Linguistics, Language Acquisition, Sociolinguistics;http://www.qu.edu.qa/artssciences/departments/dell%E2%80%93home/linguistics%E2%80%93gulf%E2%80%93conf;6;0;2019
International Conference on Verbal Humor;https://linguistlist.org/callconf/browse-conf-action.cfm?ConfID=349736;University of Alicante (San Vicente del Raspeig);23;9;2019;25;9;2019;Applied Linguistics;http://griale.dfelg.ua.es/cihv2019/en/homepage/;31;0;2019
COACT Conference 2019: Interaction and discourse in flux: Changing landscapes of everyday life;https://linguistlist.org/callconf/browse-conf-action.cfm?ConfID=324376;Oulu;24;3;2019;26;3;2019;Applied Linguistics, Discourse Analysis, Pragmatics, Sociolinguistics, Text/Corpus Linguistics;http://www.oulu.fi/coact/conference2019;19;9;2018
UNC Linguistics Spring Colloquium 2019;https://linguistlist.org/callconf/browse-conf-action.cfm?ConfID=350656;Chapel Hill, NC;6;3;2019;6;3;2019;General Linguistics;http://linguistics.unc.edu/spring-colloquium/;1;1;2019
International Conference on Pluricentricity vs. Pluriareality - Models, Varieties, Approaches;https://linguistlist.org/callconf/browse-conf-action.cfm?ConfID=344116;Mƒ˜ƒ×nster;8;1;2019;10;1;2019;Sociolinguistics, Text/Corpus Linguistics;https://plur2019.wordpress.com/;31;11;2018
Noun Categorization: From Grammar to Communicative Interaction;https://linguistlist.org/callconf/browse-conf-action.cfm?ConfID=349276;Lyon;18;3;2019;19;3;2019;Morphology, Pragmatics, Syntax, Text/Corpus Linguistics, Typology;http://www.ddl.cnrs.fr/colloques/NCW2019/;1;11;2018
SECOL 2019;https://linguistlist.org/callconf/browse-conf-action.cfm?ConfID=346136;Boca Raton, Florida;28;4;2019;2;5;2019;General Linguistics;http://SECOL2019.com;1;11;2018
International Conference on Hindi as a Second / Foreign Language;https://linguistlist.org/callconf/browse-conf-action.cfm?ConfID=323776;Lisbon;6;1;2019;8;1;2019;None;https://ihclisbon.wordpress.com/;31;4;2018
Theoretical Issues in Sign Language Research Conference 13;https://linguistlist.org/callconf/browse-conf-action.cfm?ConfID=339117;Hamburg;26;8;2019;28;8;2019;General Linguistics;http://www.tislr.de;15;11;2018
BLS Workshop: Countability Distinctions;https://linguistlist.org/callconf/browse-conf-action.cfm?ConfID=350476;Berkeley, CA;8;1;2019;9;1;2019;Language Acquisition, Psycholinguistics, Semantics, Syntax;http://linguistics.berkeley.edu/bls/;30;10;2018
Asymmetries of Knowledge;https://linguistlist.org/callconf/browse-conf-action.cfm?ConfID=352516;FU Berlin;15;3;2019;16;3;2019;Historical Linguistics, Language Acquisition, Ling &amp, Literature, Sociolinguistics;None;10;0;2019
2nd International Colloquium on Plurilingualism;https://linguistlist.org/callconf/browse-conf-action.cfm?ConfID=327376;Udine;14;10;2019;15;10;2019;Sociolinguistics;https://www.uniud.it/it/ateneo-uniud/ateneo-uniud-organizzazione/altre-strutture/centro-internazionale-plurilinguismo/convegni-ceip;30;3;2019
Digital Approaches to Teaching Historical Languages;https://linguistlist.org/callconf/browse-conf-action.cfm?ConfID=349636;Berlin;28;2;2019;29;2;2019;Applied Linguistics, Computational Linguistics, Historical Linguistics, Language Acquisition;https://hu.berlin/dattel;9;11;2018
Generative Linguistics in the Old World 42;https://linguistlist.org/callconf/browse-conf-action.cfm?ConfID=331217;Oslo;7;4;2019;11;4;2019;General Linguistics, Morphology, Phonology, Semantics, Syntax;http://glowlinguistics.org/42;2;10;2018
"AAAI Workshop on Affective Content Analysis &amp; Happiness Shared Task: Modeling Affect-in-Action";https://linguistlist.org/callconf/browse-conf-action.cfm?ConfID=347617;Honolulu, Hawaii;27;0;2019;28;0;2019;Applied Linguistics, Computational Linguistics, General Linguistics, Psycholinguistics, Sociolinguistics;https://sites.google.com/view/affcon2019/home;5;10;2018
Henry Sweet Society Annual Colloquium;https://linguistlist.org/callconf/browse-conf-action.cfm?ConfID=349536;Edinburgh;4;8;2019;7;8;2019;History of Linguistics;http://www.henrysweet.org/colloquia/colloquium-2019-edinburgh/;1;2;2019
5th Workshop on Sino-Tibetan Languages of Southwest China;https://linguistlist.org/callconf/browse-conf-action.cfm?ConfID=349156;Tianjin;21;7;2019;23;7;2019;Genetic Classification;None;28;1;2019
Society, Identity, and Transformation in Language Teacher Education: Eleventh International Conference on Language Teacher Education;https://linguistlist.org/callconf/browse-conf-action.cfm?ConfID=353296;Minneapolis, MN;30;4;2019;1;5;2019;Applied Linguistics, Language Acquisition;http://carla.umn.edu/conferences/LTE2019/;18;0;2019
Yiddish Language Structures 2;https://linguistlist.org/callconf/browse-conf-action.cfm?ConfID=346439;Dƒ˜ƒ×sseldorf;11;5;2019;13;5;2019;General Linguistics;http://seyd-project.net/YILAS2/;1;1;2019
Workshop Exhaustivity in Questions and Answers - Experimental and Theoretical Approaches;https://linguistlist.org/callconf/browse-conf-action.cfm?ConfID=355116;Tƒ˜ƒ×bingen;13;5;2019;14;5;2019;Pragmatics, Psycholinguistics, Semantics;http://www.xprag.de/?page_id=6207;1;2;2019
Seniors, Foreign Caregivers, Families, Institutions: Linguistic and Multidisciplinary Perspectives;https://linguistlist.org/callconf/browse-conf-action.cfm?ConfID=355476;Varese;9;3;2019;10;3;2019;Applied Linguistics, Discourse Analysis, Sociolinguistics, Text/Corpus Linguistics, Translation;http://www.uninsubria.eu/seniors2019;30;10;2018
The English Linguistic Society of Japan 12th International Spring Forum 2019;https://linguistlist.org/callconf/browse-conf-action.cfm?ConfID=345476;Shibuya-ku, Tokyo;11;4;2019;12;4;2019;General Linguistics;http://elsj.jp/about-the-elsj-spring-forum/elsj-spring-forum-calls-guidelines-visa-information/;5;11;2018
3rd International Conference on Teaching Grammar;https://linguistlist.org/callconf/browse-conf-action.cfm?ConfID=308676;Barcelona;23;0;2019;25;0;2019;Applied Linguistics;https://congram19engl.wordpress.com/;1;5;2018
14th Nilo-Saharan Linguistics Conference;https://linguistlist.org/callconf/browse-conf-action.cfm?ConfID=338257;Vienna;29;4;2019;1;5;2019;Anthropological Linguistics, Genetic Classification, Morphology, Phonology, Syntax;None;31;7;2018
Professionals and Research in Applied Linguistics: methodological challenges, social implications and perspectives for action;https://linguistlist.org/callconf/browse-conf-action.cfm?ConfID=343856;Lyon;24;5;2019;26;5;2019;Applied Linguistics;https://prela2019.sciencesconf.org;7;11;2018
3rd Dynamic Syntax Conference;https://linguistlist.org/callconf/browse-conf-action.cfm?ConfID=349776;Valletta;16;4;2019;17;4;2019;Computational Linguistics, Linguistic Theories, Pragmatics, Semantics, Syntax;https://sites.google.com/view/thirddsconf/;4;1;2019
Language Change in English and Beyond: Linguistic Theory and Historical Corpora;https://linguistlist.org/callconf/browse-conf-action.cfm?ConfID=346596;Athens;14;2;2019;15;2;2019;Historical Linguistics, Linguistic Theories, Text/Corpus Linguistics;None;1;11;2018
Parameters Workshop in Honour of Lisa Travis;https://linguistlist.org/callconf/browse-conf-action.cfm?ConfID=349317;Montreal, Quebec;17;4;2019;18;4;2019;Language Acquisition, Linguistic Theories, Morphology, Semantics, Syntax;https://lingconf.com/parameters/;14;11;2018
22nd Annual Ohio State University Congress on Hispanic and Lusophone Linguistics;https://linguistlist.org/callconf/browse-conf-action.cfm?ConfID=351716;Columbus, Ohio;29;2;2019;30;2;2019;General Linguistics, Historical Linguistics, Psycholinguistics, Sociolinguistics;https://sppo.osu.edu/annual-symposium;3;1;2019
11th Annual Meeting of the Illinois Language and Linguistics Society;https://linguistlist.org/callconf/browse-conf-action.cfm?ConfID=341516;Urbana-Champaign, Illinois;26;3;2019;28;3;2019;General Linguistics;http://ills.linguistics.illinois.edu/;1;1;2019
Negation in Germanic;https://linguistlist.org/callconf/browse-conf-action.cfm?ConfID=344956;Gothenburg;23;4;2019;24;4;2019;General Linguistics, Historical Linguistics, Morphology, Semantics, Syntax;None;15;0;2019
Multilingual Language Theories and Practices;https://linguistlist.org/callconf/browse-conf-action.cfm?ConfID=339296;Corfu;9;4;2019;11;4;2019;Applied Linguistics, Language Acquisition, Neurolinguistics, Psycholinguistics, Sociolinguistics;https://mltp2019.wordpress.com;15;0;2019
Linguistic Forum 2019: Indigenous Languages of Russia and Beyond;https://linguistlist.org/callconf/browse-conf-action.cfm?ConfID=349316;Moscow;4;3;2019;6;3;2019;Anthropological Linguistics, Language Documentation, Sociolinguistics;http://iling-ran.ru/main/news/181022_indigenous;15;11;2018
Powerful Literary Fiction Texts - a Stylistic, Empirical and Performance-based Approach;https://linguistlist.org/callconf/browse-conf-action.cfm?ConfID=350956;Brighton;19;5;2019;21;5;2019;Ling &amp, Literature;https://p-lit.org/;15;11;2018
32nd Annual Conference of the Canadian Association for Translation Studies;https://linguistlist.org/callconf/browse-conf-action.cfm?ConfID=350316;Vancouver, BC;2;5;2019;4;5;2019;Translation;http://act-cats.ca;30;10;2018
Colloque de Syntaxe et Sƒ˜‚©mantique ƒ˜ƒ_ Paris;https://linguistlist.org/callconf/browse-conf-action.cfm?ConfID=356716;Paris;2;9;2019;4;9;2019;Computational Linguistics, Linguistic Theories, Pragmatics, Semantics, Syntax;http://www.cssp.cnrs.fr/cssp2019/index_en.html;1;3;2019
Workshop: â«½‚Ç‚¸Twin Talks: Understanding Collaboration in DHâ«½‚Çƒ©;https://linguistlist.org/callconf/browse-conf-action.cfm?ConfID=355677;Copenhagen;5;2;2019;5;2;2019;Applied Linguistics, Computational Linguistics, Historical Linguistics, Ling &amp, Literature, Sociolinguistics;https://www.clarin.eu/event/2019/twintalksdhn2019;2;0;2019
Workshop on the Syntax-Morphology Interface in Romance (co-located with HPSG 2019);https://linguistlist.org/callconf/browse-conf-action.cfm?ConfID=350056;Bucharest;24;6;2019;24;6;2019;Morphology, Syntax;http://conferences.unibuc.ro/hpsg2019/workshop.html;15;1;2019
50 Jahre Speech Acts â«½‚Çƒ_ Bilanz und Perspektiven;https://linguistlist.org/callconf/browse-conf-action.cfm?ConfID=331196;Bremen;5;2;2019;5;2;2019;Discourse Analysis, History of Linguistics, Pragmatics, Semantics, Sociolinguistics;http://alp-verein.de/jahrestagung;9;8;2018
2019 Annual Conference of the North American Chapter of the Association for Computational Linguistics;https://linguistlist.org/callconf/browse-conf-action.cfm?ConfID=342256;Minneapolis;2;5;2019;7;5;2019;Computational Linguistics;http://naacl2019.org/;3;11;2018
Reformuler, une question de genres? / Reformular, uma questƒ˜_o de gƒ˜‚©neros?;https://linguistlist.org/callconf/browse-conf-action.cfm?ConfID=354036;Porto;17;5;2019;18;5;2019;Discourse Analysis, Sociolinguistics;https://reformulerporto2019.wordpress.com;15;11;2018
Complement, Complementation, Completeness: From Gaps to Completion;https://linguistlist.org/callconf/browse-conf-action.cfm?ConfID=349756;Bordeaux;25;4;2019;26;4;2019;Discourse Analysis, Linguistic Theories, Morphology, Semantics, Syntax;https://cerlicoasso.wordpress.com/;5;10;2018
Phraseology and Stylistics of Literary Language;https://linguistlist.org/callconf/browse-conf-action.cfm?ConfID=333336;Erlangen;13;2;2019;15;2;2019;Computational Linguistics, Ling &amp, Literature, Text/Corpus Linguistics;https://www.romanistik.phil.fau.de/tagung-phraseorom-call-for-papers-eng;15;9;2018
Fifth National Language Conference;https://linguistlist.org/callconf/browse-conf-action.cfm?ConfID=349456;Cuttack, Odisha,;19;0;2019;21;0;2019;Anthropological Linguistics, Applied Linguistics, Computational Linguistics, Sociolinguistics, Translation;https://sites.google.com/view/nlc5/;25;10;2018
Nordic Research on Accent, Acceptability and Acquisition;https://linguistlist.org/callconf/browse-conf-action.cfm?ConfID=346377;Kiel;21;2;2019;22;2;2019;Applied Linguistics, Language Acquisition, Phonetics;https://steffenhoeder.de/nordac3/;30;10;2018
New Sounds 2019 - The 9th International Symposium on the Acquisition of Second Language Speech;https://linguistlist.org/callconf/browse-conf-action.cfm?ConfID=348176;Tokyo;30;7;2019;1;8;2019;Phonetics, Phonology;http://www.waseda.jp/assoc-ns2019/;1;1;2019
Ninth Cambridge Conference on Language Endangerment;https://linguistlist.org/callconf/browse-conf-action.cfm?ConfID=343977;Cambridge;2;6;2019;2;6;2019;Anthropological Linguistics, General Linguistics, Historical Linguistics, Language Documentation, Sociolinguistics;https://www.mml.cam.ac.uk/news/ninth-cambridge-conference-language-endangerment;7;3;2019
Language and Post-queer Sexuality in East Asia;https://linguistlist.org/callconf/browse-conf-action.cfm?ConfID=338376;Siem Reap;23;0;2019;26;0;2019;Anthropological Linguistics, Sociolinguistics;None;25;9;2018
Language and Culture in the Era of Scientific Knowledge and Professional Education Integration;https://linguistlist.org/callconf/browse-conf-action.cfm?ConfID=355436;Pyatigorsk/Stavropol Region;11;3;2019;12;3;2019;Applied Linguistics, Cognitive Science, Computational Linguistics, Psycholinguistics, Sociolinguistics;None;15;2;2019
3rd Syntax of Uralic Languages;https://linguistlist.org/callconf/browse-conf-action.cfm?ConfID=357016;Tartu;18;5;2019;19;5;2019;Syntax;http://sisu.ut.ee/soul2019;15;1;2019
14th Cambridge Italian Dialect Syntax-Morphology Meeting;https://linguistlist.org/callconf/browse-conf-action.cfm?ConfID=357036;Prague;27;4;2019;29;4;2019;Morphology, Syntax;http://cidsm.ff.cuni.cz;28;1;2019
Eurolinguistics Conference: Linguistic Aspects of the Past, Present and Future of Europe;https://linguistlist.org/callconf/browse-conf-action.cfm?ConfID=338216;Donauwƒ˜_rth;5;3;2019;7;3;2019;Applied Linguistics, Sociolinguistics;https://innovativeeuropaischesprachlehre.wordpress.com/eurolinguistics-conferences/eurolinguistics-conference-2019/;30;8;2018
Natural Language Processing in Artificial Intelligence 2019;https://linguistlist.org/callconf/browse-conf-action.cfm?ConfID=346376;Prague;19;1;2019;21;1;2019;Computational Linguistics;http://www.icaart.org/NLPinAI.aspx;20;11;2018
7th New Zealand Discourse Conference;https://linguistlist.org/callconf/browse-conf-action.cfm?ConfID=328256;Wellington;3;11;2019;6;11;2019;Discourse Analysis, Sociolinguistics, Text/Corpus Linguistics;None;None;None;None
Lexicon and Genre Boundaries;https://linguistlist.org/callconf/browse-conf-action.cfm?ConfID=345897;Bayonne, Basque Country;10;9;2019;12;9;2019;Applied Linguistics, Discourse Analysis, Language Acquisition, Lexicography, Ling &amp, Literature;None;15;9;2018
Catƒ˜‚©gorisation claire vs approximative : ƒ˜ƒ_ la recherche dâ«½‚ÇâÿÚindices de diffƒ˜‚©renciation;https://linguistlist.org/callconf/browse-conf-action.cfm?ConfID=350276;Strasbourg;3;9;2019;4;9;2019;General Linguistics, Neurolinguistics, Psycholinguistics, Typology;https://clap19.sciencesconf.org/;31;2;2019
University of Hawaii at Hilo Humanities International Conference;https://linguistlist.org/callconf/browse-conf-action.cfm?ConfID=348816;Hilo, Hawaii;26;3;2019;27;3;2019;Anthropological Linguistics, Discipline of Linguistics, Discourse Analysis, Forensic Linguistics, General Linguistics;http://cms.uhh.hawaii.edu/conferences/humanities-international.php;31;0;2019
The Creative Power of Metaphor;https://linguistlist.org/callconf/browse-conf-action.cfm?ConfID=336697;Oxford;29;2;2019;30;2;2019;Applied Linguistics, Discourse Analysis, General Linguistics, Language Acquisition, Sociolinguistics;None;7;10;2018
International Workshop on Functional Discourse Grammar: Interfaces in FDG;https://linguistlist.org/callconf/browse-conf-action.cfm?ConfID=349036;Oviedo;12;8;2019;13;8;2019;Linguistic Theories;http://www.functionaldiscoursegrammar.info/;15;0;2019
17th International Conference on Minority Languages;https://linguistlist.org/callconf/browse-conf-action.cfm?ConfID=334636;Leeuwarden, Friesland;22;4;2019;24;4;2019;Sociolinguistics;http://www.icml.eu;1;9;2018
The 21st Meeting of the International Circle of Korean Linguistics;https://linguistlist.org/callconf/browse-conf-action.cfm?ConfID=342916;Melbourne;10;6;2019;12;6;2019;General Linguistics;http://ickl.info;15;11;2018
AESLA International Conference â«½‚Çƒ_ University of Valladolid (Spain): Bilingualism and Languages in Contact;https://linguistlist.org/callconf/browse-conf-action.cfm?ConfID=335736;Valladolid;27;2;2019;29;2;2019;General Linguistics;https://aesla2019.uva.es/en/;29;9;2018
Kontrastive Pragmatik;https://linguistlist.org/callconf/browse-conf-action.cfm?ConfID=315976;Palermo;26;6;2020;2;7;2020;Applied Linguistics, Pragmatics;http://ivg2020.unipa.it/;None;None;None
Modification of Complex Predicates Workshop;https://linguistlist.org/callconf/browse-conf-action.cfm?ConfID=353237;Dƒ˜ƒ×sseldorf;23;4;2019;24;4;2019;Semantics, Syntax;http://frames.phil.uni-duesseldorf.de/mocp2018-workshop/;7;0;2019
International Perspectives on Assessing World Languages;https://linguistlist.org/callconf/browse-conf-action.cfm?ConfID=346976;Cairo;30;0;2019;31;0;2019;Applied Linguistics;http://conf.aucegypt.edu/IPAWL;15;10;2018
32nd CUNY Conference on Human Sentence Processing;https://linguistlist.org/callconf/browse-conf-action.cfm?ConfID=349576;Boulder, Colorado;29;2;2019;31;2;2019;Applied Linguistics, Cognitive Science, Computational Linguistics, Linguistic Theories, Psycholinguistics;https://www.colorado.edu/event/cuny2019/;10;11;2018
7th International Graduate Student Conference on Diverse Approaches to Linguistics;https://linguistlist.org/callconf/browse-conf-action.cfm?ConfID=335376;Jerusalem;8;3;2019;8;3;2019;General Linguistics;https://igdal.wordpress.com;30;10;2018
5th Saarbrƒ˜ƒ×cken Conference on Foreign Language Teaching;https://linguistlist.org/callconf/browse-conf-action.cfm?ConfID=337036;Saarbrƒ˜ƒ×cken;29;9;2019;31;9;2019;Applied Linguistics, Discourse Analysis, Language Acquisition, Linguistic Theories, Psycholinguistics;https://5saarbrueckerfremdsprachentagung.blogspot.com/search/label/1%20English;31;7;2019
Phonological Theory Agora;https://linguistlist.org/callconf/browse-conf-action.cfm?ConfID=352896;Nice;15;2;2019;16;2;2019;Phonology;https://ptanice.wordpress.com/;15;0;2019
On Person and Perspective - A workshop honoring the work of Maria Luisa Zubizarreta;https://linguistlist.org/callconf/browse-conf-action.cfm?ConfID=344436;Los Angeles;3;4;2019;4;4;2019;General Linguistics, Historical Linguistics, Language Acquisition, Semantics, Syntax;http://person-perspective.weebly.com;15;0;2019
Digital Diasporas: Interdisciplinary Perspectives;https://linguistlist.org/callconf/browse-conf-action.cfm?ConfID=340716;London;6;5;2019;7;5;2019;Applied Linguistics, Computational Linguistics, Sociolinguistics;https://crosslanguagedynamics.blogs.sas.ac.uk/digital-diasporas/;1;11;2018
English Studies at the Interface of Disciplines: Research and Practice - 2019;https://linguistlist.org/callconf/browse-conf-action.cfm?ConfID=332876;Skopje;21;2;2019;23;2;2019;Applied Linguistics, General Linguistics, Ling &amp, Literature, Translation;None;11;9;2018
Philological Society Early Career Researcher Forum;https://linguistlist.org/callconf/browse-conf-action.cfm?ConfID=342196;Oxford;8;2;2019;9;2;2019;General Linguistics, Historical Linguistics, Lexicography, Typology;http://blog.philsoc.org.uk/2018/09/05/cfp-early-career-researcher-forum;14;11;2018
3rd International ESP Conference;https://linguistlist.org/callconf/browse-conf-action.cfm?ConfID=338176;Liverpool;26;3;2019;27;3;2019;Applied Linguistics, General Linguistics, Linguistic Theories;https://esptassociation.com/esp-conference-2019/;15;10;2018
17th International Conference on Communication, Medicine and Ethics;https://linguistlist.org/callconf/browse-conf-action.cfm?ConfID=345936;Adelaide;26;5;2019;28;5;2019;Applied Linguistics, Discourse Analysis;http://www.2019cometconference.com.au;20;11;2018
ConSOLE XVII 2019;https://linguistlist.org/callconf/browse-conf-action.cfm?ConfID=332316;Berlin;21;1;2019;23;1;2019;General Linguistics;https://sites.google.com/view/console2019/;30;8;2018
UK Language Variation and Change 12;https://linguistlist.org/callconf/browse-conf-action.cfm?ConfID=353816;London;3;8;2019;5;8;2019;Anthropological Linguistics, Historical Linguistics, Sociolinguistics;https://uklvc12.qmul.ac.uk/;15;2;2019
52nd Annual Meeting of the Societas Linguistica Europaea;https://linguistlist.org/callconf/browse-conf-action.cfm?ConfID=298616;Leipzig;21;7;2019;24;7;2019;General Linguistics;http://sle2019.eu/;30;10;2018
German(ic) in Language Contact: Grammatical and Sociolinguistic Dynamics;https://linguistlist.org/callconf/browse-conf-action.cfm?ConfID=354896;Berlin;3;6;2019;5;6;2019;Historical Linguistics, Morphology, Sociolinguistics, Syntax;http://www.geisteswissenschaften.fu-berlin.de/en/v/namdeutsch/Workshop/;11;0;2019
3rd Swedish Translanguaging Conference;https://linguistlist.org/callconf/browse-conf-action.cfm?ConfID=340256;Vƒ˜ƒ´XJƒ˜ƒ¸;11;3;2019;12;3;2019;Applied Linguistics;https://lnu.se/en/research/conferences/3rd-translanguaging-conference/;30;8;2018
Integrationism and Philosophies of Language: Emerging Alternative Epistemologies in the Global North and the Global South;https://linguistlist.org/callconf/browse-conf-action.cfm?ConfID=339276;University Park, PA;30;7;2019;2;8;2019;Discourse Analysis, Philosophy of Language;None;31;2;2019
International Child Phonology Conference;https://linguistlist.org/callconf/browse-conf-action.cfm?ConfID=356036;Montreal;14;5;2019;15;5;2019;Language Acquisition;http://bilingualacquisition.ca/icpc-2019-montreal/;15;0;2019
International Conference on Multilingualism and Multilingual Education;https://linguistlist.org/callconf/browse-conf-action.cfm?ConfID=343216;Bielefeld;21;2;2019;23;2;2019;Applied Linguistics, Discourse Analysis, Language Acquisition, Psycholinguistics, Sociolinguistics;https://icmme2019.wordpress.com;31;11;2018
L'apprenant en langues et dans les mƒ˜‚©tiers de la traduction : source d'interrogations et de perspectives / Language learners and learning in the language and translation professions: questions pending and future avenues to explore;https://linguistlist.org/callconf/browse-conf-action.cfm?ConfID=325356;Rennes;31;0;2019;2;1;2019;Applied Linguistics, Language Acquisition, Translation;https://apprenant.sciencesconf.org/;15;7;2018
Language Contact in the Amdo Sprachbund;https://linguistlist.org/callconf/browse-conf-action.cfm?ConfID=346576;Grand Forks, North Dakota;12;6;2019;13;6;2019;Historical Linguistics, Sociolinguistics, Typology;http://amdosprachbund.silund.org/;15;0;2019
Spatial Patterns of Language Evolution;https://linguistlist.org/callconf/browse-conf-action.cfm?ConfID=341176;Zurich;24;0;2019;24;0;2019;Genetic Classification, Historical Linguistics;None;15;10;2018
International Conference on Indigenous Languages, Societies and Cultures of India;https://linguistlist.org/callconf/browse-conf-action.cfm?ConfID=343796;Hyderabad, Telangana;21;1;2019;22;1;2019;Anthropological Linguistics, Language Documentation, Translation;None;30;9;2018
Spanish Linguistics in North Carolina 2019;https://linguistlist.org/callconf/browse-conf-action.cfm?ConfID=341716;Chapel Hill, NC;9;1;2019;9;1;2019;General Linguistics;http://slinki2019unc.web.unc.edu/;15;10;2018
Bootcamp on Quantitative Methods in L2 Research: Study design, regression modelling, social networks, replication studies, research synthesis and meta-analysis;https://linguistlist.org/callconf/browse-conf-action.cfm?ConfID=351256;Warsaw;10;5;2019;15;5;2019;Applied Linguistics, Cognitive Science, Language Acquisition, Psycholinguistics, Sociolinguistics;https://l2research.ils.uw.edu.pl/;15;11;2018
Expressing Evidence;https://linguistlist.org/callconf/browse-conf-action.cfm?ConfID=341958;Konstanz;6;5;2019;8;5;2019;Philosophy of Language, Pragmatics, Semantics;http://semantics.uni-konstanz.de/workshops/evidence-2019/;15;11;2018
18th SLAT Interdisciplinary Roundtable;https://linguistlist.org/callconf/browse-conf-action.cfm?ConfID=352076;Tucson;8;1;2019;9;1;2019;Applied Linguistics, General Linguistics, Language Acquisition;https://uarizona.co1.qualtrics.com/jfe/form/SV_9tSCYtWpHaYm5r7;18;10;2018
Apollonius and Priscian Colloquium Transmission, Translation, Tradition: History of Reception;https://linguistlist.org/callconf/browse-conf-action.cfm?ConfID=330496;Bordeaux;21;2;2019;23;2;2019;History of Linguistics;None;20;10;2018
International Conference on Education Quality 2019;https://linguistlist.org/callconf/browse-conf-action.cfm?ConfID=339736;Agadir;13;2;2019;15;2;2019;Applied Linguistics;http://iceq.uiz.ac.ma;15;0;2019
25th Himalayan Languages Symposium;https://linguistlist.org/callconf/browse-conf-action.cfm?ConfID=353556;Sydney;28;5;2019;29;5;2019;General Linguistics, Historical Linguistics, Language Documentation, Sociolinguistics, Typology;https://sites.google.com/view/icstll52hls25/home;5;3;2019
2nd International Conference on Theoretical East Asian Psycholinguistics;https://linguistlist.org/callconf/browse-conf-action.cfm?ConfID=345556;Tsinghua University, Beijing;16;2;2019;17;2;2019;Language Acquisition, Linguistic Theories, Psycholinguistics;https://icteap2019.github.io/2018/09/cfp/;10;11;2018
XI International Conference on Corpus Linguistics;https://linguistlist.org/callconf/browse-conf-action.cfm?ConfID=341996;Valencia;15;4;2019;17;4;2019;Discourse Analysis, Text/Corpus Linguistics;https://congresos.adeituv.es/cilc2019;10;11;2018
Experimental Psycholinguistics Conference;https://linguistlist.org/callconf/browse-conf-action.cfm?ConfID=349996;Mallorca;26;5;2019;28;5;2019;Clinical Linguistics, Neurolinguistics, Philosophy of Language, Psycholinguistics, Syntax;http://www.psycholinguistics.info/experimental;15;0;2019
Hybrid/Paradoxal Representations of Gender and Sexuality;https://linguistlist.org/callconf/browse-conf-action.cfm?ConfID=338356;Siem Reap;23;0;2019;26;0;2019;Anthropological Linguistics, Sociolinguistics;None;25;9;2018
AELFE 2019;https://linguistlist.org/callconf/browse-conf-action.cfm?ConfID=336496;Pamplona, Navarra;20;5;2019;21;5;2019;Applied Linguistics;https://www.unav.edu/en/web/instituto-cultura-y-sociedad/discurso-publico/xviii-congreso-aelfe;10;2;2019
ABRALIN50;https://linguistlist.org/callconf/browse-conf-action.cfm?ConfID=331316;Maceiƒ˜âÿ_. Alagoas;2;4;2019;9;4;2019;Discipline of Linguistics, General Linguistics;None;None;None;None
Embodying Transitions Beings and Becomings;https://linguistlist.org/callconf/browse-conf-action.cfm?ConfID=348296;Madison, Wisconsin;6;2;2019;9;2;2019;Applied Linguistics, General Linguistics, Historical Linguistics, Language Acquisition, Sociolinguistics;https://kaleidoscope.spanport.wisc.edu/;14;11;2018
13th International Conference of the Asian Association for Lexicography;https://linguistlist.org/callconf/browse-conf-action.cfm?ConfID=351756;Istanbul;19;5;2019;21;5;2019;Lexicography;http://asialex2019.istanbul.edu.tr/en/_;15;2;2019
Le Franƒ˜_ais en Jeu;https://linguistlist.org/callconf/browse-conf-action.cfm?ConfID=310616;Amsterdam;22;2;2019;23;2;2019;Applied Linguistics;None;1;3;2018
Workshop: Multilingualism, Contact and Documenting Endangered Languages;https://linguistlist.org/callconf/browse-conf-action.cfm?ConfID=338196;New York, New York;6;0;2019;6;0;2019;Language Documentation;None;None;None;None
â«½‚Ç‚¸On Potentialitiesâ«½‚Çƒ© 6th ASYRAS Conference;https://linguistlist.org/callconf/browse-conf-action.cfm?ConfID=353878;Santander;27;5;2019;29;5;2019;General Linguistics;http://asyras.org/6th-asyras-conference/;15;11;2018
7th International Conference on Endangered and Lesser Known Languages;https://linguistlist.org/callconf/browse-conf-action.cfm?ConfID=329977;kolkata;20;1;2019;23;1;2019;Language Documentation;https://sites.google.com/jadavpuruniversity.in/elkl7ju/invited-talksworskhop;15;7;2018
Teaching General Linguistics Classes - LSA Special Session;https://linguistlist.org/callconf/browse-conf-action.cfm?ConfID=327696;New York, NY;3;0;2019;6;0;2019;Discipline of Linguistics, General Linguistics;None;10;4;2018
13th International Conference on Computational Semantics;https://linguistlist.org/callconf/browse-conf-action.cfm?ConfID=347396;Gothenburg;23;4;2019;27;4;2019;Computational Linguistics, Semantics;https://sites.google.com/view/iwcs2019/home;15;0;2019
Princeton Symposium on Syntactic Theory 2019;https://linguistlist.org/callconf/browse-conf-action.cfm?ConfID=351596;Princeton, NJ;5;3;2019;6;3;2019;Syntax;None;None;None;None
52nd International Conference on Sino-Tibetan Languages and Linguistics;https://linguistlist.org/callconf/browse-conf-action.cfm?ConfID=353536;Sydney, NSW;24;5;2019;26;5;2019;Anthropological Linguistics, General Linguistics, Language Documentation, Sociolinguistics, Typology;https://sites.google.com/view/icstll52hls25/home;5;3;2019
2nd International Conference on Child Foreign/Second Language Learning: Facing Heterogeneity in the Young Learner Classroom;https://linguistlist.org/callconf/browse-conf-action.cfm?ConfID=350477;Cracow;26;8;2019;28;8;2019;Applied Linguistics, Discourse Analysis, Language Acquisition, Psycholinguistics;http://childrenforeignlanguageconferenceeng.weebly.com;30;2;2019
English Historical Lexicography in the Digital Age: Focus on Social and Geographical Variation;https://linguistlist.org/callconf/browse-conf-action.cfm?ConfID=336456;Bergamo;11;3;2019;13;3;2019;Historical Linguistics, Lexicography;https://ls-llepa.unibg.it/it/news/english-historical-lexicography-digital-age-focus-social-and-geographical-variation;15;10;2018
5th International Congress of Teaching Turkish as a Foreign Language;https://linguistlist.org/callconf/browse-conf-action.cfm?ConfID=351376;Athens;27;5;2019;28;5;2019;Discourse Analysis, General Linguistics, Language Acquisition, Translation, Writing Systems;http://www.icotfl.sakarya.edu.tr;1;3;2019
International Mother Language Conference;https://linguistlist.org/callconf/browse-conf-action.cfm?ConfID=355036;Kitui County;20;1;2019;22;1;2019;Anthropological Linguistics, Applied Linguistics, General Linguistics, Language Documentation, Sociolinguistics;None;None;None;None
"Language Education &amp; Acquisition Research Conference 2019 Focusing Early Language Acquisition";https://linguistlist.org/callconf/browse-conf-action.cfm?ConfID=341296;Eichstƒ˜_tt;11;3;2019;13;3;2019;Cognitive Science, Language Acquisition, Sociolinguistics;http://www.ku.de/lear/;31;11;2018
36th International Conference on English Language Teaching and Learning;https://linguistlist.org/callconf/browse-conf-action.cfm?ConfID=352116;Taichung;17;4;2019;18;4;2019;Applied Linguistics, General Linguistics;https://etra.thu.edu.tw;15;0;2019
Association for Studies of Literature and Environment Conference;https://linguistlist.org/callconf/browse-conf-action.cfm?ConfID=350996;Davis, CA;26;5;2019;30;5;2019;Applied Linguistics, Ling &amp, Literature;None;None;None;None
BAAL TEA SIG Conference 2019;https://linguistlist.org/callconf/browse-conf-action.cfm?ConfID=343356;London;29;2;2019;29;2;2019;Applied Linguistics;None;None;None;None
International Symposium on the Languages of Java 7;https://linguistlist.org/callconf/browse-conf-action.cfm?ConfID=316956;Banyuwangi;6;6;2019;7;6;2019;Anthropological Linguistics, General Linguistics, Language Documentation;https://indoling.com/ISLOJ/7;15;1;2019
Per__sonal Names and Cultural Reconstruc__tions;https://linguistlist.org/callconf/browse-conf-action.cfm?ConfID=342036;Helsinki;21;7;2019;23;7;2019;Anthropological Linguistics, Historical Linguistics, Sociolinguistics;https://www.helsinki.fi/en/conferences/personal-names-and-cultural-reconstructions;15;11;2018
International Conference on Current Trends in Linguistics;https://linguistlist.org/callconf/browse-conf-action.cfm?ConfID=327437;Rouen;28;2;2019;29;2;2019;Discipline of Linguistics, General Linguistics;http://www.ctl2019.com;1;8;2018
Diachronic Generative Syntax;https://linguistlist.org/callconf/browse-conf-action.cfm?ConfID=300216;Tempe, AZ;5;5;2019;7;5;2019;Historical Linguistics, Linguistic Theories, Syntax;None;15;11;2018
Norddeutsches Linguistisches Kolloquium;https://linguistlist.org/callconf/browse-conf-action.cfm?ConfID=355996;Osnabrueck;28;2;2019;29;2;2019;Discipline of Linguistics;None;6;0;2019
33rd Annual Symposium on Arabic Linguistics;https://linguistlist.org/callconf/browse-conf-action.cfm?ConfID=333456;Toronto;5;3;2019;7;3;2019;General Linguistics;http://nmc.utoronto.ca/33rd-annual-symposium-on-arabic-linguistics/;15;10;2018
International Workshop on the L1 and L2 Acquisition of Information Structure;https://linguistlist.org/callconf/browse-conf-action.cfm?ConfID=355076;Leuven;25;3;2019;26;3;2019;Language Acquisition, Pragmatics;https://www.arts.kuleuven.be/ling/is-acquisition/AIS2019;1;1;2019
Pronunciation in Second Language Learning and Teaching 2019;https://linguistlist.org/callconf/browse-conf-action.cfm?ConfID=351016;Flagstaff, Arizona;12;8;2019;14;8;2019;Applied Linguistics;https://psllt2019nau.wordpress.com/;15;3;2019
Joint Biennial Conference of the Dictionary Society of North America and Studies in the History of the English Language;https://linguistlist.org/callconf/browse-conf-action.cfm?ConfID=349356;Bloomington, IN;8;4;2019;11;4;2019;Anthropological Linguistics, Historical Linguistics, History of Linguistics, Lexicography, Ling &amp, Literature;http://dictionarysociety.com/conference/;31;9;2018
Psycholinguistics in Iceland - Parsing and Prediction;https://linguistlist.org/callconf/browse-conf-action.cfm?ConfID=346476;Reykjavƒ˜_k;19;5;2019;20;5;2019;Neurolinguistics, Psycholinguistics;https://conference.hi.is/pipp/;11;0;2019
Reflexivitƒ˜_t kommunikativer Praktiken â«½‚Çƒ_ Neue Perspektiven auf Metakommunikation;https://linguistlist.org/callconf/browse-conf-action.cfm?ConfID=355577;Hamburg;29;7;2019;30;7;2019;Anthropological Linguistics, Discourse Analysis, Pragmatics, Sociolinguistics;http://uhh.de/slm-reflexivitaet-2019;31;2;2019
2nd Conference on Language, Data and Knowledge;https://linguistlist.org/callconf/browse-conf-action.cfm?ConfID=339256;Leipzig;20;4;2019;22;4;2019;Applied Linguistics, Computational Linguistics, Language Documentation, Lexicography, Text/Corpus Linguistics;http://2019.ldk-conf.org/;11;0;2019
General and Specialist Translation/ Interpretation: Theory, Methods, Practice;https://linguistlist.org/callconf/browse-conf-action.cfm?ConfID=350456;Kyiv;5;3;2019;5;3;2019;Translation;None;10;1;2019
8th Media for All International Conference;https://linguistlist.org/callconf/browse-conf-action.cfm?ConfID=323816;Stockholm;17;5;2019;19;5;2019;None;None;None;None;None
International Conference on Historical Linguistics 24;https://linguistlist.org/callconf/browse-conf-action.cfm?ConfID=323296;Canberra, ACT;1;6;2019;5;6;2019;Historical Linguistics;http://www.dynamicsoflanguage.edu.au/ichl24/;12;9;2018
Bayerisch-ƒ˜_sterreichische Dialektologentagung;https://linguistlist.org/callconf/browse-conf-action.cfm?ConfID=341976;Salzburg;7;10;2019;9;10;2019;General Linguistics, Sociolinguistics;https://www.uni-salzburg.at/index.php?id=210500;31;9;2018
Euro-American Relations in the Age of Globalization: Risks and Opportunities;https://linguistlist.org/callconf/browse-conf-action.cfm?ConfID=346156;Turin;6;4;2019;6;4;2019;Discourse Analysis;None;13;0;2019
Language Change in English and Beyond: Linguistic Theory and Historical Corpora;https://linguistlist.org/callconf/browse-conf-action.cfm?ConfID=346496;Athens;14;2;2019;15;2;2019;Historical Linguistics, Linguistic Theories, Text/Corpus Linguistics;None;7;11;2018
Conference on Mathematical Foundations of Informatics;https://linguistlist.org/callconf/browse-conf-action.cfm?ConfID=350416;Iasi;3;6;2019;6;6;2019;Computational Linguistics, Text/Corpus Linguistics;http://mfoi2019.info.uaic.ro;1;4;2019
46th Linguistic Association of Canada and the United States Forum;https://linguistlist.org/callconf/browse-conf-action.cfm?ConfID=351276;Waterloo, Ontario;23;6;2019;26;6;2019;General Linguistics;http://lacus.weebly.com/2019-conference.html;15;1;2019
Forging Linguistic Identities;https://linguistlist.org/callconf/browse-conf-action.cfm?ConfID=329096;Towson, Maryland;14;2;2019;16;2;2019;General Linguistics, Ling &amp, Literature, Sociolinguistics;None;1;10;2018
Diversity of Writing Systems: Embracing Multiple Perspectives. Association of Written Language and Literacy's 12th International Workshop;https://linguistlist.org/callconf/browse-conf-action.cfm?ConfID=329336;Cambridge;26;2;2019;28;2;2019;Writing Systems;https://awll12.wordpress.com/;30;8;2018
Interactive Workshop on Measuring Language Complexity;https://linguistlist.org/callconf/browse-conf-action.cfm?ConfID=353336;Freiburg;12;8;2019;13;8;2019;Computational Linguistics, Language Acquisition, Psycholinguistics, Text/Corpus Linguistics, Typology;http://www.christianbentz.de/MLC2019_index.html;31;11;2018
Western Interdisciplinary Student Symposium on Language Research;https://linguistlist.org/callconf/browse-conf-action.cfm?ConfID=351576;London, Ontario;15;2;2019;15;2;2019;Applied Linguistics, Computational Linguistics, General Linguistics, Language Acquisition, Psycholinguistics;https://www.uwo.ca/linguistics/graduate/wisslr/index.html;21;11;2018